0001	DCU
0002	MCU
0003	SMCU
0004	FRAD
0006	AG
0007	SV
0008	AO
0009	SH
000A	HTEXH(MIRROR)
000B	MCP1
000C	WMON
000D	ASCU
000E	CAL
0010	MCP2
0024	CVCU
0025	TMCU
0027	BLCU
0028	TTCU
0029	HSBC
002A	DOMEENV
002B	DOMECT2
002C	TLSCPENV
002D	TLSCPCT2
002E	CLOCK
0030	THRM
0031	HTEXH(PUMP-A)
0032	BOLT
0033	SPU4
0034	SPU5
0035	SPU6
0036	FRAD(PF)
0037	ASCU(PF)
0038	HTEXH(CHILL-B)
0039	RDNEXH(PUMP-D)
003A	CIAX
003B	OBCP
003C	HYDRSTEXH
003D	HSCSCAG
003E	HSCSHAG
003F	HSCSH
0040	SHTEST
0061	DOMEFLAT
00A1	TSC
00B1	MLP1
00B2	MLP2
00B3	MLP3
0101	PMA_1-01
0102	PMA_1-02
0103	PMA_1-03
0104	PMA_1-04
0105	PMA_1-05
0106	PMA_1-06
0107	PMA_1-07
0108	PMA_1-08
0109	PMA_1-09
0110	PMA_1-10
0111	PMA_1-11
0112	PMA_1-12
0201	PMA_2-01
0202	PMA_2-02
0203	PMA_2-03
0204	PMA_2-04
0205	PMA_2-05
0206	PMA_2-06
0207	PMA_2-07
0208	PMA_2-08
0209	PMA_2-09
0210	PMA_2-10
0211	PMA_2-11
0212	PMA_2-12
0213	PMA_2-13
0214	PMA_2-14
0215	PMA_2-15
0216	PMA_2-16
0217	PMA_2-17
0218	PMA_2-18
0301	PMA_3-01
0302	PMA_3-02
0303	PMA_3-03
0304	PMA_3-04
0305	PMA_3-05
0306	PMA_3-06
0307	PMA_3-07
0308	PMA_3-08
0309	PMA_3-09
0310	PMA_3-10
0311	PMA_3-11
0312	PMA_3-12
0313	PMA_3-13
0314	PMA_3-14
0315	PMA_3-15
0316	PMA_3-16
0317	PMA_3-17
0318	PMA_3-18
0319	PMA_3-19
0320	PMA_3-20
0321	PMA_3-21
0322	PMA_3-22
0323	PMA_3-23
0324	PMA_3-24
0401	PMA_4-01
0402	PMA_4-02
0403	PMA_4-03
0404	PMA_4-04
0405	PMA_4-05
0406	PMA_4-06
0407	PMA_4-07
0408	PMA_4-08
0409	PMA_4-09
0410	PMA_4-10
0411	PMA_4-11
0412	PMA_4-12
0413	PMA_4-13
0414	PMA_4-14
0415	PMA_4-15
0416	PMA_4-16
0417	PMA_4-17
0418	PMA_4-18
0419	PMA_4-19
0420	PMA_4-20
0421	PMA_4-21
0422	PMA_4-22
0423	PMA_4-23
0424	PMA_4-24
0425	PMA_4-25
0426	PMA_4-26
0427	PMA_4-27
0428	PMA_4-28
0429	PMA_4-29
0430	PMA_4-30
0501	PMA_5-01
0502	PMA_5-02
0503	PMA_5-03
0504	PMA_5-04
0505	PMA_5-05
0506	PMA_5-06
0507	PMA_5-07
0508	PMA_5-08
0509	PMA_5-09
0510	PMA_5-10
0511	PMA_5-11
0512	PMA_5-12
0513	PMA_5-13
0514	PMA_5-14
0515	PMA_5-15
0516	PMA_5-16
0517	PMA_5-17
0518	PMA_5-18
0519	PMA_5-19
0520	PMA_5-20
0521	PMA_5-21
0522	PMA_5-22
0523	PMA_5-23
0524	PMA_5-24
0525	PMA_5-25
0526	PMA_5-26
0527	PMA_5-27
0528	PMA_5-28
0529	PMA_5-29
0530	PMA_5-30
0531	PMA_5-31
0532	PMA_5-32
0533	PMA_5-33
0534	PMA_5-34
0535	PMA_5-35
0536	PMA_5-36
0601	PMA_6-01
0602	PMA_6-02
0603	PMA_6-03
0604	PMA_6-04
0605	PMA_6-05
0606	PMA_6-06
0607	PMA_6-07
0608	PMA_6-08
0609	PMA_6-09
0610	PMA_6-10
0611	PMA_6-11
0612	PMA_6-12
0613	PMA_6-13
0614	PMA_6-14
0615	PMA_6-15
0616	PMA_6-16
0617	PMA_6-17
0618	PMA_6-18
0619	PMA_6-19
0620	PMA_6-20
0621	PMA_6-21
0622	PMA_6-22
0623	PMA_6-23
0624	PMA_6-24
0625	PMA_6-25
0626	PMA_6-26
0627	PMA_6-27
0628	PMA_6-28
0629	PMA_6-29
0630	PMA_6-30
0631	PMA_6-31
0632	PMA_6-32
0633	PMA_6-33
0634	PMA_6-34
0635	PMA_6-35
0636	PMA_6-36
0637	PMA_6-37
0638	PMA_6-38
0639	PMA_6-39
0640	PMA_6-40
0641	PMA_6-41
0642	PMA_6-42
0701	PMA_7-01
0702	PMA_7-02
0703	PMA_7-03
0704	PMA_7-04
0705	PMA_7-05
0706	PMA_7-06
0707	PMA_7-07
0708	PMA_7-08
0709	PMA_7-09
0710	PMA_7-10
0711	PMA_7-11
0712	PMA_7-12
0713	PMA_7-13
0714	PMA_7-14
0715	PMA_7-15
0716	PMA_7-16
0717	PMA_7-17
0718	PMA_7-18
0719	PMA_7-19
0720	PMA_7-20
0721	PMA_7-21
0722	PMA_7-22
0723	PMA_7-23
0724	PMA_7-24
0725	PMA_7-25
0726	PMA_7-26
0727	PMA_7-27
0728	PMA_7-28
0729	PMA_7-29
0730	PMA_7-30
0731	PMA_7-31
0732	PMA_7-32
0733	PMA_7-33
0734	PMA_7-34
0735	PMA_7-35
0736	PMA_7-36
0737	PMA_7-37
0738	PMA_7-38
0739	PMA_7-39
0740	PMA_7-40
0741	PMA_7-41
0742	PMA_7-42
0743	PMA_7-43
0744	PMA_7-44
0745	PMA_7-45
0746	PMA_7-46
0747	PMA_7-47
0748	PMA_7-48
0801	PMA_8-01
0802	PMA_8-02
0803	PMA_8-03
0804	PMA_8-04
0805	PMA_8-05
0806	PMA_8-06
0807	PMA_8-07
0808	PMA_8-08
0809	PMA_8-09
0810	PMA_8-10
0811	PMA_8-11
0812	PMA_8-12
0813	PMA_8-13
0814	PMA_8-14
0815	PMA_8-15
0816	PMA_8-16
0817	PMA_8-17
0818	PMA_8-18
0819	PMA_8-19
0820	PMA_8-20
0821	PMA_8-21
0822	PMA_8-22
0823	PMA_8-23
0824	PMA_8-24
0825	PMA_8-25
0826	PMA_8-26
0827	PMA_8-27
0828	PMA_8-28
0829	PMA_8-29
0830	PMA_8-30
0831	PMA_8-31
0832	PMA_8-32
0833	PMA_8-33
0834	PMA_8-34
0835	PMA_8-35
0836	PMA_8-36
0837	PMA_8-37
0838	PMA_8-38
0839	PMA_8-39
0840	PMA_8-40
0841	PMA_8-41
0842	PMA_8-42
0843	PMA_8-43
0844	PMA_8-44
0845	PMA_8-45
0846	PMA_8-46
0847	PMA_8-47
0848	PMA_8-48
0849	PMA_8-49
0850	PMA_8-50
0851	PMA_8-51
0858	PMFXS_8-58
0859	PMFXS_8-59
0860	PMFXS_8-60
0861	PMFXS_8-61
0862	PMFXS_8-62
0863	PMFXS_8-63
